id_product,id_image,position,cover
13,3518,1,0
13,3519,2,0
13,3520,3,0
13,3521,4,0
13,3524,5,0
13,3538,6,1
13,3539,7,0
13,3540,8,0
13,3541,9,0
13,3542,10,0
15,1608,1,0
15,1688,2,0
15,3377,3,0
15,3378,4,0
15,3379,5,1
15,3380,6,0
15,3381,7,0
15,3747,8,0
15,3748,9,0
15,3749,10,0
15,3750,11,0
15,3751,12,0
16,1920,1,1
16,1921,2,0
16,1922,3,0
16,1923,4,0
16,1924,5,0
16,1925,6,0
16,1926,7,0
16,1927,8,0
16,1928,9,0
16,1929,10,0
16,1991,11,0
17,3141,1,0
17,3142,2,0
17,3143,3,0
17,3144,4,0
17,3419,5,0
17,3420,6,1
17,3421,7,0
19,2645,1,1
19,2646,2,0
19,2647,3,0
19,2648,4,0
19,2649,5,0
19,3396,6,0
19,3397,7,0
19,3398,8,0
19,3399,9,0
20,3422,1,0
20,3423,2,0
20,3424,3,0
20,3425,4,0
20,3426,5,0
20,3427,6,0
20,3428,7,0
20,3429,8,1
27,2413,1,0
27,2414,2,0
27,2415,3,0
27,3400,4,0
27,3401,5,0
27,3402,6,0
27,3403,7,0
27,3404,8,0
27,3405,9,1
27,3406,10,0
27,3407,11,0
28,2616,1,0
28,2617,2,1
28,2618,3,0
28,2619,4,0
28,2620,5,0
28,2621,6,0
28,2622,7,0
28,2623,8,0
32,1638,1,0
32,1639,2,0
32,1640,3,0
32,1642,4,0
32,3506,5,0
32,3507,6,0
32,3508,7,1
32,3509,8,0
33,3752,1,0
33,3753,2,1
33,3754,3,0
33,3755,4,0
43,208,1,1
43,375,2,0
43,533,3,0
43,534,4,0
45,1792,1,0
45,1793,2,0
45,2044,3,0
45,2045,4,0
45,2046,5,0
45,2047,6,0
45,3282,7,0
45,3283,8,0
45,3284,9,0
45,3285,10,0
45,3286,11,0
45,3287,12,0
45,3288,13,0
45,3502,14,0
45,3503,15,0
45,3504,16,0
45,3505,17,1
49,712,2,1
49,713,3,0
49,714,4,0
155,2081,1,0
155,2082,2,0
155,2083,3,0
155,2084,4,0
155,2085,5,1
156,3463,1,0
156,3464,2,0
156,3465,3,0
156,3466,4,0
156,3467,5,0
156,3468,6,0
156,3715,7,1
156,3716,8,0
156,3717,9,0
156,3718,10,0
156,3719,11,0
160,325,1,0
160,326,2,0
160,327,3,1
163,2650,1,1
163,2651,2,0
163,2652,3,0
163,2653,4,0
168,356,1,0
168,357,2,1
168,358,3,0
168,359,4,0
169,2566,1,0
169,2567,2,0
169,2569,3,0
169,2570,4,0
169,2571,5,0
169,3469,6,0
169,3471,7,0
169,3472,8,0
169,3533,9,0
169,3534,10,1
186,3300,1,0
186,3301,2,0
186,3302,3,0
186,3303,4,0
186,3800,5,1
186,3801,6,0
186,3802,7,0
192,3593,1,0
192,3594,2,1
192,3595,3,0
192,3596,4,0
204,2182,1,0
204,2183,2,0
204,2184,3,0
204,2185,4,1
204,2186,5,0
205,390,1,1
205,391,2,0
205,392,3,0
205,393,4,0
208,2475,1,1
209,2037,1,0
209,3720,2,0
209,3722,3,0
209,3723,4,1
209,3724,5,0
209,3725,6,0
209,3727,7,0
209,3728,8,0
209,3729,9,0
209,3730,10,0
211,3535,1,0
211,3536,2,1
211,3537,3,0
214,1696,1,0
214,1697,2,0
214,1698,3,0
214,1699,4,0
214,1700,5,0
214,1701,6,0
214,1702,7,0
214,1703,8,0
214,1704,9,0
214,1705,10,0
214,1706,11,0
214,1781,12,0
214,1782,13,0
214,3839,14,1
214,3840,15,0
214,3841,16,0
214,3842,17,0
214,3843,18,0
214,3844,19,0
214,3845,20,0
214,3846,21,0
214,3847,22,0
214,3848,23,0
214,3849,24,0
215,428,1,0
215,429,2,0
215,430,3,0
215,431,4,1
216,3304,1,0
216,3305,2,1
216,3306,3,0
216,3307,4,0
216,3308,5,0
216,3309,6,0
219,3002,1,0
219,3766,2,1
219,3767,3,0
219,3768,4,0
219,3769,5,0
219,3770,6,0
220,2784,1,0
220,2785,2,1
220,2786,3,0
220,2787,4,0
220,2788,5,0
220,2789,6,0
221,1452,1,0
221,2468,2,0
221,2469,3,1
221,2470,4,0
221,2471,5,0
222,817,1,0
222,818,2,1
222,819,3,0
224,2873,1,0
224,2874,2,0
224,2875,3,1
224,2876,4,0
224,2877,5,0
228,3708,1,1
228,3709,2,0
228,3710,3,0
228,3711,4,0
228,3712,5,0
228,3713,6,0
228,3714,7,0
229,555,1,1
229,570,2,0
229,571,3,0
230,1550,1,0
230,1551,2,0
230,1552,3,0
230,3084,4,1
230,3085,5,0
230,3086,6,0
230,3087,7,0
240,600,1,0
240,601,2,0
240,602,3,0
240,603,4,1
240,604,5,0
242,2827,1,0
242,2828,2,0
242,2829,3,0
242,3878,4,0
242,3879,5,1
243,3382,1,0
243,3383,2,0
243,3686,3,0
243,3687,4,1
243,3688,5,0
243,3689,6,0
244,3510,1,0
244,3511,2,0
244,3512,3,0
244,3513,4,0
244,3515,5,0
244,3517,6,0
244,3622,7,1
244,3623,8,0
244,3624,9,0
244,3625,10,0
246,674,1,0
246,675,2,1
246,676,3,0
247,687,1,0
247,688,2,0
247,689,3,1
247,686,4,0
248,2208,1,0
248,2210,2,0
248,2211,3,0
248,2214,4,0
248,3815,5,0
248,3816,6,1
248,3817,7,0
248,3818,8,0
248,3819,9,0
248,3820,10,0
248,3821,11,0
249,2215,1,0
249,2216,2,1
249,2217,3,0
249,2218,4,0
249,2219,5,0
251,1992,1,0
251,1993,2,0
251,1994,3,0
251,3771,4,0
251,3772,5,1
251,3773,6,0
251,3774,7,0
252,1430,1,0
252,1431,2,0
252,1432,3,0
252,3312,4,1
252,3314,5,0
252,3315,6,0
252,3316,7,0
252,3317,8,0
252,3318,9,0
252,3321,10,0
253,775,1,0
253,776,2,0
253,777,3,1
253,778,4,0
255,825,1,0
255,846,2,0
255,878,3,0
255,879,4,1
255,880,5,0
255,906,6,0
256,826,1,0
256,827,2,0
256,828,3,1
257,829,1,0
257,830,2,1
257,831,3,0
257,832,4,0
257,833,5,0
258,3346,1,1
258,3347,2,0
258,3348,3,0
258,3349,4,0
258,3350,5,0
258,3351,6,0
259,851,1,1
259,852,2,0
259,853,3,0
260,854,1,0
260,855,2,0
260,856,3,0
260,857,4,0
260,858,5,1
261,3342,1,1
261,3343,2,0
261,3344,3,0
261,3345,4,0
262,2191,1,0
262,2192,2,0
262,2193,3,1
262,2194,4,0
262,2195,5,0
262,2196,6,0
262,2197,7,0
263,3272,1,1
263,3273,2,0
263,3552,3,0
263,3553,4,0
263,3554,5,0
264,1390,1,1
266,1525,1,1
267,3244,1,0
267,3245,2,1
268,1530,1,1
269,2140,1,1
269,2141,2,0
270,1460,1,1
270,1461,2,0
272,1528,1,1
273,1531,1,1
274,3581,1,1
274,3582,2,0
274,3583,3,0
274,3584,4,0
277,2118,1,0
277,2119,2,1
277,2120,3,0
278,1529,1,1
279,3443,1,0
279,3444,2,0
279,3498,3,1
280,3626,1,1
280,3627,2,0
280,3628,3,0
280,3629,4,0
281,1522,1,1
282,3497,1,1
283,2121,1,0
283,2122,2,1
288,3617,1,0
288,3618,2,0
288,3619,3,1
288,3620,4,0
288,3621,5,0
291,968,1,1
291,969,2,0
291,970,3,0
292,971,1,0
292,972,2,0
292,973,3,1
292,997,4,0
292,998,5,0
294,977,1,0
294,978,2,1
294,979,3,0
294,980,4,0
296,984,1,0
296,985,2,0
296,986,3,1
296,992,4,0
297,3151,1,0
297,3152,2,0
297,3153,3,0
297,3154,4,0
297,3155,5,0
297,3156,6,0
297,3157,7,0
297,3158,8,1
297,3159,9,0
297,3160,10,0
298,3068,1,0
298,3917,2,1
298,3918,3,0
298,3919,4,0
298,3920,5,0
298,3921,6,0
300,1957,1,1
300,1958,2,0
300,1959,3,0
300,1960,4,0
300,1961,5,0
300,1962,6,0
301,1014,1,1
301,1015,2,0
301,1016,3,0
302,1581,1,0
302,1582,2,0
302,1583,3,0
302,1584,4,0
302,1585,5,0
302,3127,6,1
302,3128,7,0
302,3129,8,0
302,3130,9,0
302,3131,10,0
304,3242,1,1
305,1028,1,1
306,1148,1,1
306,1149,2,0
306,1150,3,0
310,1120,1,0
310,1121,2,1
310,1122,3,0
310,1694,4,0
310,1695,5,0
312,3892,1,1
312,3246,2,0
312,3248,3,0
312,3249,4,0
312,3250,5,0
312,3251,6,0
313,2295,1,0
313,2296,2,0
313,2297,3,1
313,2298,4,0
313,2299,5,0
313,2300,6,0
313,2301,7,0
313,2302,8,0
314,3182,1,1
314,3183,2,0
314,3184,3,0
314,3185,4,0
314,3186,5,0
314,3187,6,0
315,3188,1,0
315,3189,2,1
315,3190,3,0
315,3191,4,0
315,3192,5,0
315,3193,6,0
315,3194,7,0
318,1174,1,1
318,1175,2,0
318,1176,3,0
318,1177,4,0
318,1178,5,0
319,1179,1,1
319,1180,2,0
319,1181,3,0
319,1182,4,0
319,1183,5,0
319,1184,6,0
319,1185,7,0
320,1186,1,1
320,1187,2,0
320,1188,3,0
320,1189,4,0
320,1190,5,0
320,1191,6,0
321,1192,1,1
321,1193,2,0
321,1194,3,0
321,1195,4,0
321,1196,5,0
321,1197,6,0
326,2770,1,1
326,2771,2,0
326,2772,3,0
326,2773,4,0
327,1291,1,1
327,1292,2,0
327,1293,3,0
327,1294,4,0
327,1295,5,0
327,1296,6,0
328,1306,1,0
328,1307,2,0
328,1308,3,0
328,1309,4,0
328,1310,5,0
328,1311,6,0
328,1312,7,0
328,1313,8,0
328,1314,9,0
328,1315,10,1
328,1321,11,0
329,1930,1,0
329,1931,2,0
329,1934,3,0
329,3412,4,1
329,3413,5,0
329,3414,6,0
329,3415,7,0
332,3207,1,0
332,3208,2,1
332,3241,3,0
336,1413,1,1
336,1411,2,0
336,1410,3,0
336,1412,4,0
337,1414,1,0
337,1415,2,1
337,1416,3,0
337,1417,4,0
338,3676,1,1
338,3677,2,0
338,3678,3,0
338,3679,4,0
338,3680,5,0
338,3681,6,0
339,3168,1,0
339,3169,2,1
339,3170,3,0
339,3171,4,0
339,3172,5,0
339,3173,6,0
340,3341,1,1
341,2572,1,0
341,2573,2,0
341,2574,3,0
341,2575,4,0
341,2576,5,0
341,2577,6,0
341,3231,7,1
341,3232,8,0
341,3233,9,0
341,3234,10,0
342,1663,1,1
342,1664,2,0
342,1665,3,0
342,1666,4,0
342,1667,5,0
342,1668,6,0
342,3145,7,0
342,3146,8,0
342,3147,9,0
342,3148,10,0
342,3149,11,0
342,3150,12,0
343,3557,1,0
343,3559,2,1
343,3560,3,0
343,3561,4,0
348,3481,1,1
348,3487,2,0
348,3488,3,0
348,3489,4,0
348,3490,5,0
348,3491,6,0
349,3492,1,1
349,3493,2,0
349,3494,3,0
349,3495,4,0
349,3496,5,0
351,1586,1,0
351,1587,2,1
351,1588,3,0
351,1589,4,0
351,1590,5,0
351,1591,6,0
352,1592,1,1
352,1593,2,0
352,1594,3,0
352,1595,4,0
352,1596,5,0
352,1597,6,0
352,1598,7,0
352,1599,8,0
352,1600,9,0
354,2936,1,1
354,2937,2,0
354,2938,3,0
354,2939,4,0
354,2940,5,0
354,2941,6,0
354,2942,7,0
354,2943,8,0
354,2944,9,0
354,2945,10,0
355,1655,1,1
355,1656,2,0
355,1657,3,0
355,1658,4,0
355,1659,5,0
355,1660,6,0
355,1661,7,0
355,1662,8,0
356,1689,1,0
356,1690,2,1
356,1691,3,0
356,1692,4,0
356,1693,5,0
357,3214,1,0
357,3682,2,0
357,3683,3,1
357,3684,4,0
357,3685,5,0
358,2063,1,1
358,2064,2,0
359,3807,1,1
359,3808,2,0
359,3809,3,0
359,3810,4,0
360,1891,1,0
360,1892,2,0
360,1893,3,0
360,1978,4,0
360,1979,5,0
360,2777,6,0
360,2778,7,0
360,2783,8,1
361,3803,1,0
361,3804,2,0
361,3805,3,0
361,3806,4,1
362,1965,1,0
362,1967,2,0
362,2613,3,0
362,2732,4,1
362,2733,5,0
362,2734,6,0
363,2129,1,0
363,2130,2,0
363,2235,3,0
363,2311,4,0
363,2330,5,1
364,2068,1,0
364,2069,2,1
364,2070,3,0
365,2065,1,1
365,2066,2,0
365,2067,3,0
366,2582,1,0
366,2583,2,0
366,2584,3,1
366,2585,4,0
366,2781,5,0
366,2782,6,0
367,1876,1,1
367,1877,2,0
367,1878,3,0
367,1879,4,0
368,3811,1,0
368,3812,2,1
368,3813,3,0
368,3814,4,0
369,3894,1,0
369,3895,2,0
369,3896,3,0
369,3897,4,1
370,2654,1,0
370,2655,2,1
370,2656,3,0
370,2657,4,0
372,2977,1,0
372,2980,2,0
372,3663,3,1
372,3664,4,0
373,3913,1,1
373,3914,2,0
373,3915,3,0
373,3916,4,0
374,2086,1,0
374,2087,2,1
374,2088,3,0
375,3667,1,1
375,3668,2,0
377,2059,1,1
377,2060,2,0
378,1838,1,0
378,1839,2,0
378,1840,3,0
378,1870,4,0
378,1871,5,0
378,1872,6,0
378,2198,7,0
378,2199,8,0
378,2200,9,0
378,2201,10,0
378,2790,11,0
378,3337,12,0
378,3338,13,1
378,3339,14,0
378,3340,15,0
380,1855,1,0
380,1941,2,0
380,1942,3,0
380,1943,4,0
380,3499,5,0
380,3500,6,1
380,3501,7,0
381,1880,1,1
381,1881,2,0
381,1882,3,0
381,1883,4,0
381,1884,5,0
381,1885,6,0
381,1886,7,0
381,1887,8,0
382,2002,1,0
382,2039,2,1
382,2040,3,0
382,2041,4,0
382,2043,5,0
382,2110,6,0
382,2111,7,0
382,2112,8,0
382,2113,9,0
382,2114,10,0
385,2005,1,0
385,2006,2,0
385,2007,3,0
385,2008,4,0
385,2009,5,0
385,2010,6,1
385,2011,7,0
386,2958,1,0
386,2959,2,0
386,2960,3,0
386,2961,4,1
387,2151,1,1
387,2152,2,0
387,2153,3,0
387,2154,4,0
387,2155,5,0
388,2156,1,1
388,2157,2,0
388,2158,3,0
388,2159,4,0
389,2160,1,0
389,2161,2,0
389,3262,3,1
390,2162,1,1
390,2163,2,0
391,2179,1,0
391,2180,2,1
391,2181,3,0
391,2187,4,0
391,2240,5,0
391,2241,6,0
391,2242,7,0
391,2243,8,0
391,2244,9,0
392,2190,1,1
392,2189,2,0
392,2188,3,0
392,2245,4,0
392,2246,5,0
392,2247,6,0
392,2248,7,0
392,2249,8,0
393,3651,1,1
393,3652,2,0
393,3653,3,0
393,3654,4,0
393,3655,5,0
394,2220,1,1
394,2221,2,0
394,2222,3,0
394,2223,4,0
395,2224,1,1
395,2225,2,0
395,2226,3,0
395,2227,4,0
395,2228,5,0
396,2229,1,1
396,2230,2,0
396,2231,3,0
396,2232,4,0
396,2233,5,0
396,3857,6,0
396,3858,7,0
396,3859,8,0
396,3860,9,0
396,3861,10,0
397,3257,1,0
397,3893,2,1
397,3258,3,0
397,3259,4,0
397,3260,5,0
397,3261,6,0
398,2284,1,0
398,2285,2,1
398,2286,3,0
400,3543,1,0
400,3544,2,1
400,3545,3,0
400,3546,4,0
400,3547,5,0
400,3548,6,0
400,3549,7,0
401,2747,1,1
401,2855,2,0
401,2856,3,0
402,2337,1,1
402,2338,2,0
402,2339,3,0
403,2340,1,1
403,2341,2,0
404,2345,1,0
404,2346,2,1
404,2347,3,0
405,2749,1,1
405,2857,2,0
405,2858,3,0
406,2750,1,1
406,2859,2,0
406,2860,3,0
407,2751,1,1
407,2871,2,0
407,2872,3,0
408,2756,1,1
408,2861,2,0
408,2862,3,0
409,2752,1,1
409,2863,2,0
409,2864,3,0
410,2753,1,1
410,2865,2,0
410,2866,3,0
411,2754,1,1
411,2867,2,0
411,2868,3,0
411,3669,4,0
412,2525,1,1
412,2601,2,0
412,2602,3,0
413,2755,1,1
413,2869,2,0
413,2870,3,0
414,3670,1,1
414,3671,2,0
414,3672,3,0
414,3673,4,0
414,3674,5,0
414,3675,6,0
414,3775,7,0
414,3776,8,0
414,3777,9,0
414,3778,10,0
414,3779,11,0
414,3780,12,0
416,3090,1,1
416,3091,2,0
416,3092,3,0
416,3093,4,0
417,2492,1,0
417,2493,2,0
417,2494,3,1
417,2495,4,0
417,2496,5,0
418,3598,1,0
418,3599,2,0
418,3600,3,1
418,3601,4,0
419,2724,1,0
419,2725,2,1
419,2726,3,0
420,2727,1,0
420,2728,2,1
420,2729,3,0
421,2603,1,1
421,2604,2,0
421,2605,3,0
422,2606,1,1
422,2607,2,0
422,2608,3,0
424,2644,1,0
424,2658,2,0
424,2659,3,0
424,2660,4,1
424,2661,5,0
424,2662,6,0
424,2663,7,0
424,2664,8,0
424,2665,9,0
425,2748,1,1
425,2853,2,0
425,2854,3,0
426,2701,1,0
426,2816,2,1
426,2817,3,0
426,2818,4,0
426,2819,5,0
427,2904,1,0
427,2909,2,0
427,3785,3,1
427,3786,4,0
427,3787,5,0
427,3788,6,0
427,3789,7,0
427,3790,8,0
429,2715,1,1
431,2730,1,1
431,2731,2,0
432,3434,1,0
432,3435,2,1
432,3436,3,0
432,3665,4,0
432,3666,5,0
433,3632,1,0
433,3633,2,1
433,3634,3,0
434,3603,1,0
434,3604,2,1
434,3605,3,0
435,3606,1,0
435,3607,2,1
436,3310,1,1
436,3311,2,0
437,2884,1,1
437,2885,2,0
438,2887,1,0
438,3608,2,1
439,3609,1,0
439,3610,2,1
440,3611,1,0
440,3612,2,1
441,3088,1,1
441,3089,2,0
442,2894,1,1
442,2895,2,0
443,3613,1,1
443,3614,2,0
444,2898,1,1
444,2899,2,0
446,3615,1,0
446,3616,2,1
447,3647,1,1
447,3648,2,0
447,3649,3,0
447,3650,4,0
448,2946,1,1
448,2947,2,0
448,2948,3,0
448,2949,4,0
448,2950,5,0
448,2951,6,0
448,2952,7,0
449,3161,1,0
449,3162,2,0
449,3163,3,0
449,3164,4,0
449,3165,5,0
449,3166,6,0
449,3167,7,0
449,3704,8,1
449,3705,9,0
449,3706,10,0
449,3707,11,0
451,2966,1,0
451,2967,2,1
451,2968,3,0
451,2969,4,0
452,3008,1,1
452,3009,2,0
452,3010,3,0
452,3011,4,0
454,3012,1,1
454,3014,2,0
454,3015,3,0
454,3331,4,0
454,3332,5,0
455,3017,1,1
455,3018,2,0
455,3019,3,0
455,3020,4,0
456,3021,1,1
456,3022,2,0
456,3023,3,0
456,3024,4,0
457,3025,1,1
457,3026,2,0
457,3027,3,0
457,3028,4,0
458,3029,1,0
458,3030,2,1
458,3031,3,0
458,3032,4,0
458,3033,5,0
459,3034,1,1
459,3035,2,0
459,3036,3,0
459,3037,4,0
460,3635,1,0
460,3636,2,1
460,3637,3,0
460,3638,4,0
460,3639,5,0
460,3640,6,0
461,3641,1,1
461,3642,2,0
461,3643,3,0
461,3644,4,0
461,3645,5,0
461,3646,6,0
462,3048,1,0
462,3049,2,1
462,3050,3,0
462,3051,4,0
462,3052,5,0
463,3053,1,1
463,3054,2,0
463,3055,3,0
463,3056,4,0
463,3057,5,0
464,3058,1,1
464,3059,2,0
464,3060,3,0
464,3061,4,0
464,3062,5,0
465,3063,1,0
465,3064,2,0
465,3065,3,0
465,3066,4,0
465,3067,5,0
465,3630,6,1
465,3631,7,0
467,3094,1,1
467,3095,2,0
467,3096,3,0
468,3097,1,0
468,3098,2,1
468,3099,3,0
469,3111,1,0
469,3112,2,0
469,3113,3,0
469,3114,4,0
469,3115,5,0
469,3116,6,0
469,3117,7,0
469,3866,8,0
469,3867,9,0
469,3868,10,1
469,3869,11,0
470,3132,1,0
470,3243,2,1
471,3195,1,1
471,3196,2,0
471,3197,3,0
471,3198,4,0
472,3215,1,0
472,3217,2,0
472,3218,3,0
472,3219,4,0
472,3322,5,1
472,3323,6,0
477,3277,1,0
477,3278,2,1
477,3555,3,0
477,3556,4,0
478,3279,1,0
478,3280,2,0
478,3357,3,0
478,3358,4,1
481,3290,1,0
481,3291,2,0
481,3292,3,0
481,3328,4,0
481,3356,5,1
482,3294,1,0
482,3408,2,0
482,3409,3,0
482,3410,4,0
482,3411,5,0
482,3473,6,1
483,3324,1,1
484,3325,1,0
484,3326,2,1
484,3327,3,0
485,3333,1,0
485,3334,2,0
485,3335,3,0
485,3336,4,0
485,3731,5,0
485,3732,6,1
485,3733,7,0
485,3734,8,0
485,3735,9,0
486,3922,1,0
486,3923,2,0
486,3924,3,0
486,3925,4,0
486,3926,5,0
486,3927,6,0
486,3928,7,0
486,3929,8,0
486,3930,9,0
486,3931,10,0
486,3932,11,1
486,3933,12,0
487,3359,1,1
487,3360,2,0
488,3361,1,1
488,3362,2,0
489,3363,1,1
489,3364,2,0
490,3365,1,0
490,3366,2,1
490,3367,3,0
490,3368,4,0
490,3369,5,0
490,3370,6,0
490,3371,7,0
490,3372,8,0
491,3373,1,0
491,3374,2,0
491,3375,3,1
491,3376,4,0
492,3384,1,0
492,3385,2,1
492,3386,3,0
492,3387,4,0
494,3389,1,1
494,3390,2,0
494,3391,3,0
494,3392,4,0
494,3393,5,0
494,3394,6,0
494,3395,7,0
496,3437,1,0
496,3438,2,1
496,3439,3,0
497,3440,1,1
497,3441,2,0
497,3442,3,0
498,3445,1,0
498,3446,2,1
498,3447,3,0
498,3448,4,0
498,3449,5,0
498,3450,6,0
498,3451,7,0
498,3746,8,0
499,3452,1,0
499,3453,2,1
499,3454,3,0
500,3455,1,1
500,3456,2,0
500,3457,3,0
500,3458,4,0
501,3459,1,0
501,3460,2,0
501,3461,3,1
502,3462,1,1
506,3562,1,0
506,3563,2,1
506,3564,3,0
506,3565,4,0
507,3566,1,0
507,3567,2,0
507,3568,3,0
507,3569,4,0
507,3570,5,0
507,3571,6,0
507,3572,7,0
507,3573,8,1
507,3574,9,0
507,3575,10,0
507,3756,11,0
507,3757,12,0
507,3758,13,0
507,3759,14,0
507,3760,15,0
507,3761,16,0
507,3762,17,0
507,3763,18,0
507,3764,19,0
507,3765,20,0
508,3576,1,0
508,3577,2,1
508,3578,3,0
508,3579,4,0
508,3580,5,0
509,3585,1,0
509,3586,2,1
509,3587,3,0
509,3588,4,0
509,3589,5,0
509,3590,6,0
510,3591,1,1
510,3592,2,0
511,3690,1,1
511,3691,2,0
511,3692,3,0
511,3693,4,0
513,3699,1,1
513,3700,2,0
513,3701,3,0
513,3702,4,0
513,3703,5,0
514,3736,1,0
514,3737,2,0
514,3738,3,0
514,3739,4,0
514,3740,5,0
514,3741,6,0
514,3742,7,1
514,3743,8,0
514,3744,9,0
514,3745,10,0
515,3781,1,0
515,3782,2,1
515,3783,3,0
515,3784,4,0
516,3796,1,0
516,3907,2,1
516,3908,3,0
516,3909,4,0
516,3911,5,0
516,3912,6,0
517,3822,1,1
517,3823,2,0
517,3824,3,0
517,3825,4,0
518,3826,1,0
518,3827,2,1
518,3828,3,0
518,3829,4,0
518,3830,5,0
518,3831,6,0
519,3832,1,1
519,3833,2,0
519,3834,3,0
519,3835,4,0
519,3836,5,0
519,3837,6,0
519,3838,7,0
520,3862,1,1
520,3863,2,0
520,3864,3,0
520,3865,4,0
521,3874,1,1
522,3875,1,1
523,3876,1,1
524,3877,1,1
525,3880,1,0
525,3881,2,0
525,3882,3,1
525,3883,4,0
526,3884,1,1
526,3886,2,0
526,3887,3,0
526,3888,4,0
526,3890,5,0
526,3891,6,0
527,3898,1,0
527,3899,2,0
527,3900,3,0
527,3901,4,0
527,3902,5,0
527,3903,6,0
527,3904,7,0
527,3905,8,0
527,3906,9,1
528,3935,1,0
528,3936,2,1
528,3937,3,0
528,3938,4,0
528,3939,5,0
528,3940,6,0
529,3941,1,1
529,3942,2,0
529,3943,3,0
529,3944,4,0
529,3945,5,0
529,3946,6,0
530,3947,1,1
530,3948,2,0
530,3949,3,0
530,3950,4,0
530,3951,5,0
530,3952,6,0
531,3953,1,1
